Player,,,,,,,,Diggsy,Darth,Viper,Vege,Lan,GDos,Akhil,Alcatraz,Dennis,GPK
Budget,,,,,,,,100,100,100,100,100,100,100,,,
Player Name,Bat Hand,Bowl Style,Role,Country,OVR,Price,STATUS,Nagpur Bhaji Nation,Ghaziabad Gunday,Vellore Veyil Veriyans,Emerging Empuraans Ernakulam,Pondicherry Pirates,Tirupati Titans,Dehradun Demons,Goa Nange Shikaari,Guwahati's Own Awesomite Team,Vizag Coastal Chargers
Jasprit Bumrah,RHB,RF,Bowler,IND,91,13,AVAILABLE,,,,,,,,,,
Joe Root,RHB,OS,Batter,ENG,91,12,AVAILABLE,,,,,,,,,,
Kane Williamson,RHB,OS,Batter,NZL,91,12,AVAILABLE,,,,,,,,,,
Steve Smith,RHB,LS,Batter,AUS,91,11,AVAILABLE,,,,,,,,,,
Babar Azam,RHB,OS,Batter,PAK,90,11,AVAILABLE,,,,,,,,,,
Pat Cummins,RHB,RF,Bowler,AUS,89,10,AVAILABLE,,,,,,,,,,
Devon Conway,LHB,RM,WK Batter,NZL,88,10,AVAILABLE,,,,,,,,,,
Sanju Samson,RHB,RM,WK Batter,IND,88,10,AVAILABLE,,,,,,,,,,
Rishab Pant,LHB,LM,WK Batter,IND,87,10,AVAILABLE,,,,,,,,,,
Mohammad Rizwan,RHB,RM,Batter,PAK,89,9,AVAILABLE,,,,,,,,,,
Kagiso Rabada,LHB,RF,Bowler,RSA,88,9,AVAILABLE,,,,,,,,,,
Daryl Mitchell,RHB,RM,ALL,NZL,88,9,AVAILABLE,,,,,,,,,,
Nicholas Pooran,LHB,OS,WK Batter,WIN,87,9,AVAILABLE,,,,,,,,,,
Jos Buttler,RHB,RM,WK Batter,ENG,87,9,AVAILABLE,,,,,,,,,,
KL Rahul,RHB,RM,WK Batter,IND,87,9,AVAILABLE,,,,,,,,,,
Phil Salt,RHB,OS,WK Batter,ENG,87,9,AVAILABLE,,,,,,,,,,
Mushfiqur Rahim,RHB,RM,WK Batter,BAN,86,9,AVAILABLE,,,,,,,,,,
Kusal Mendis,RHB,LS,WK Batter,SRL,86,9,AVAILABLE,,,,,,,,,,
Travis Head,LHB,OS,Batter,AUS,89,8,AVAILABLE,,,,,,,,,,
David Warner,LHB,LS,Batter,AUS,89,8,AVAILABLE,,,,,,,,,,
Harry Brook,RHB,RM,Batter,ENG,89,8,AVAILABLE,,,,,,,,,,
Temba Bavuma,RHB,OS,Batter,RSA,88,8,AVAILABLE,,,,,,,,,,
Matt Henry,RHB,RFM,Bowler,NZL,88,8,AVAILABLE,,,,,,,,,,
Reeza Hendricks,RHB,OS,Batter,RSA,88,8,AVAILABLE,,,,,,,,,,
Yashasvi Jaiswal,LHB,LS,Batter,IND,88,8,AVAILABLE,,,,,,,,,,
Mitchell Starc,LHB,LF,Bowler,AUS,87,8,AVAILABLE,,,,,,,,,,
Hardik Pandya,RHB,RFM,ALL,IND,87,8,AVAILABLE,,,,,,,,,,
Jonny Bairstow,RHB,RM,WK Batter,ENG,86,8,AVAILABLE,,,,,,,,,,
Tom Latham,LHB,RM,WK Batter,NZL,86,8,AVAILABLE,,,,,,,,,,
Shaheen Shah Afridi,LHB,LF,Bowler,PAK,86,8,AVAILABLE,,,,,,,,,,
Heinrich Klaasen,RHB,OS,WK Batter,RSA,86,8,AVAILABLE,,,,,,,,,,
Dinesh Chandimal,RHB,OS,WK Batter,SRL,85,8,AVAILABLE,,,,,,,,,,
Alex Carey,LHB,LM,WK Batter,AUS,85,8,AVAILABLE,,,,,,,,,,
Josh Hazlewood,LHB,RFM,Bowler,AUS,88,7,AVAILABLE,,,,,,,,,,
Shubman Gill,RHB,OS,Batter,IND,88,7,AVAILABLE,,,,,,,,,,
Virat Kohli,RHB,RM,Batter,IND,88,7,AVAILABLE,,,,,,,,,,
Shreyas Iyer,RHB,OS,Batter,IND,88,7,AVAILABLE,,,,,,,,,,
Mitchell Marsh,RHB,RFM,ALL,AUS,87,7,AVAILABLE,,,,,,,,,,
Ben Duckett,LHB,OS,Batter,ENG,87,7,AVAILABLE,,,,,,,,,,
Rohit Sharma,RHB,OS,Batter,IND,87,7,AVAILABLE,,,,,,,,,,
David Miller,LHB,OS,Batter,RSA,87,7,AVAILABLE,,,,,,,,,,
Marcus Stoinis,RHB,RFM,ALL,AUS,87,7,AVAILABLE,,,,,,,,,,
Rassie Van Der Dussen,RHB,LS,Batter,RSA,87,7,AVAILABLE,,,,,,,,,,
Lungi Ngidi,RHB,RFM,Bowler,RSA,87,7,AVAILABLE,,,,,,,,,,
Kuldeep Yadav,LHB,SLO,Bowler,IND,87,7,AVAILABLE,,,,,,,,,,
Glenn Phillips,RHB,OS,ALL,NZL,86,7,AVAILABLE,,,,,,,,,,
Alzarri Joseph,RHB,RFM,Bowler,WIN,86,7,AVAILABLE,,,,,,,,,,
Salman Ali Agha,RHB,OS,ALL,PAK,86,7,AVAILABLE,,,,,,,,,,
Cameron Green,RHB,RFM,ALL,AUS,86,7,AVAILABLE,,,,,,,,,,
Sikander Raza,RHB,OS,ALL,ZIM,85,7,AVAILABLE,,,,,,,,,,
Jofra Archer,RHB,RF,Bowler,ENG,85,7,AVAILABLE,,,,,,,,,,
Rashid Khan,RHB,LS,ALL,AFG,85,7,AVAILABLE,,,,,,,,,,
Ishan Kishan,LHB,OS,WK Batter,IND,85,7,AVAILABLE,,,,,,,,,,
Shoriful Islam,LHB,LFM,Bowler,BAN,85,7,AVAILABLE,,,,,,,,,,
Shai Hope,RHB,RM,WK Batter,WIN,84,7,AVAILABLE,,,,,,,,,,
Kusal Perera,LHB,LM,WK Batter,SRL,83,7,AVAILABLE,,,,,,,,,,
Usman Khawaja,LHB,RM,Batter,AUS,86,6,AVAILABLE,,,,,,,,,,
Nathan Lyon,RHB,OS,Bowler,AUS,86,6,AVAILABLE,,,,,,,,,,
Adam Zampa,RHB,LS,Bowler,AUS,86,6,AVAILABLE,,,,,,,,,,
Jason Roy,RHB,RM,Batter,ENG,86,6,AVAILABLE,,,,,,,,,,
Finn Allen,RHB,RM,Batter,NZL,86,6,AVAILABLE,,,,,,,,,,
Shan Masood,LHB,RFM,Batter,PAK,86,6,AVAILABLE,,,,,,,,,,
Glenn Maxwell,RHB,OS,ALL,AUS,85,6,AVAILABLE,,,,,,,,,,
Ben Stokes,LHB,RFM,ALL,ENG,85,6,AVAILABLE,,,,,,,,,,
Tim Southee,RHB,RFM,Bowler,NZL,85,6,AVAILABLE,,,,,,,,,,
Dimuth Karunaratne,LHB,RM,Batter,SRL,85,6,AVAILABLE,,,,,,,,,,
Henry Nicholls,LHB,OS,Batter,NZL,85,6,AVAILABLE,,,,,,,,,,
Will Young,RHB,OS,Batter,NZL,85,6,AVAILABLE,,,,,,,,,,
Evin Lewis,RHB,RM,Batter,WIN,85,6,AVAILABLE,,,,,,,,,,
Fakhar Zaman,LHB,SLO,Batter,PAK,85,6,AVAILABLE,,,,,,,,,,
Saud Shakeel,LHB,SLO,Batter,PAK,85,6,AVAILABLE,,,,,,,,,,
Zak Crawley,RHB,OS,Batter,ENG,85,6,AVAILABLE,,,,,,,,,,
Matthew Wade,LHB,RM,WK Batter,AUS,84,6,AVAILABLE,,,,,,,,,,
Kyle Verreyne,RHB,OS,WK Batter,RSA,84,6,AVAILABLE,,,,,,,,,,
Mark Wood,RHB,RF,Bowler,ENG,84,6,AVAILABLE,,,,,,,,,,
MS Dhoni,RHB,RM,WK Batter,IND,84,6,AVAILABLE,,,,,,,,,,
Angelo Mathews,RHB,RFM,ALL,SRL,84,6,AVAILABLE,,,,,,,,,,
Jamie Smith,RHB,RM,WK Batter,ENG,84,6,AVAILABLE,,,,,,,,,,
Joshua Little,RHB,LFM,Bowler,IRL,84,6,AVAILABLE,,,,,,,,,,
Kamindu Mendis,LHB,OS,ALL,SRL,84,6,AVAILABLE,,,,,,,,,,
Quinton De Kock,LHB,RM,WK Batter,RSA,84,6,AVAILABLE,,,,,,,,,,
Mitchell Santner,LHB,SLO,ALL,NZL,84,6,AVAILABLE,,,,,,,,,,
Binura Fernando,RHB,LFM,Bowler,SRL,84,6,AVAILABLE,,,,,,,,,,
Taskin Ahmed,LHB,RF,Bowler,BAN,84,6,AVAILABLE,,,,,,,,,,
Mark Chapman,LHB,SLO,ALL,NZL,84,6,AVAILABLE,,,,,,,,,,
Naseem Shah,RHB,RF,Bowler,PAK,84,6,AVAILABLE,,,,,,,,,,
Obed McCoy,LHB,LFM,Bowler,WIN,84,6,AVAILABLE,,,,,,,,,,
Michael Bracewell,LHB,OS,ALL,NZL,84,6,AVAILABLE,,,,,,,,,,
Aiden Markram,RHB,OS,ALL,RSA,84,6,AVAILABLE,,,,,,,,,,
Roston Chase,RHB,OS,ALL,WIN,84,6,AVAILABLE,,,,,,,,,,
Dhananjaya De Silva,RHB,OS,ALL,SRL,84,6,AVAILABLE,,,,,,,,,,
Josh Inglis,RHB,RM,WK Batter,AUS,84,6,AVAILABLE,,,,,,,,,,
Andre Russell,RHB,RF,ALL,WIN,83,6,AVAILABLE,,,,,,,,,,
Tim Seifert,RHB,RM,WK Batter,NZL,83,6,AVAILABLE,,,,,,,,,,
Tom Blundell,RHB,OS,WK Batter,NZL,83,6,AVAILABLE,,,,,,,,,,
Marco Jansen,RHB,LF,ALL,RSA,83,6,AVAILABLE,,,,,,,,,,
Ryan Rickleton,LHB,LM,WK Batter,RSA,82,6,AVAILABLE,,,,,,,,,,
Mohammed Shami,RHB,RFM,Bowler,IND,85,5,AVAILABLE,,,,,,,,,,
Suryakumar Yadav,RHB,RM,Batter,IND,85,5,AVAILABLE,,,,,,,,,,
Nathan Ellis,RHB,RFM,Bowler,AUS,85,5,AVAILABLE,,,,,,,,,,
Scott Boland,RHB,RFM,Bowler,AUS,84,5,AVAILABLE,,,,,,,,,,
James Anderson,LHB,RFM,Bowler,ENG,84,5,AVAILABLE,,,,,,,,,,
Alex Hales,RHB,RM,Batter,ENG,84,5,AVAILABLE,,,,,,,,,,
James Vince,RHB,RM,Batter,ENG,84,5,AVAILABLE,,,,,,,,,,
Ollie Pope,RHB,RM,Batter,ENG,84,5,AVAILABLE,,,,,,,,,,
Ruturaj Gaikwad,RHB,OS,Batter,IND,84,5,AVAILABLE,,,,,,,,,,
Colin Munro,LHB,RFM,Batter,NZL,84,5,AVAILABLE,,,,,,,,,,
Blezzing Muzarabani,RHB,RFM,Bowler,ZIM,84,5,AVAILABLE,,,,,,,,,,
Marnus Labuschagne,RHB,RM,ALL,AUS,84,5,AVAILABLE,,,,,,,,,,
Matt Short,RHB,OS,ALL,AUS,84,5,AVAILABLE,,,,,,,,,,
Kyle Jamieson,RHB,RFM,Bowler,NZL,84,5,AVAILABLE,,,,,,,,,,
Tim David,RHB,OS,ALL,AUS,84,5,AVAILABLE,,,,,,,,,,
Shimron Hetmyer,LHB,LS,Batter,WIN,84,5,AVAILABLE,,,,,,,,,,
Rinku Singh,LHB,OS,Batter,IND,84,5,AVAILABLE,,,,,,,,,,
Hasan Ali,RHB,RFM,Bowler,PAK,84,5,AVAILABLE,,,,,,,,,,
Akeal Hosein,LHB,SLO,Bowler,WIN,84,5,AVAILABLE,,,,,,,,,,
Asitha Fernando,RHB,RFM,Bowler,SRL,84,5,AVAILABLE,,,,,,,,,,
Sean Abott,RHB,RFM,ALL,AUS,83,5,AVAILABLE,,,,,,,,,,
Jason Behrendorff,RHB,LFM,Bowler,AUS,83,5,AVAILABLE,,,,,,,,,,
Colin Ingram,LHB,LS,Batter,RSA,83,5,AVAILABLE,,,,,,,,,,
Kieron Pollard,RHB,RM,ALL,WIN,83,5,AVAILABLE,,,,,,,,,,
Kemar Roach,RHB,RFM,Bowler,WIN,83,5,AVAILABLE,,,,,,,,,,
Hasan Mahmud,RHB,RFM,Bowler,BAN,83,5,AVAILABLE,,,,,,,,,,
Lockie Ferguson,RHB,RF,Bowler,NZL,83,5,AVAILABLE,,,,,,,,,,
Faf Du Plessis,RHB,LS,Batter,RSA,83,5,AVAILABLE,,,,,,,,,,
Adam Milne,RHB,RF,Bowler,NZL,83,5,AVAILABLE,,,,,,,,,,
Shakib Al Hasan,LHB,SLO,ALL,BAN,83,5,AVAILABLE,,,,,,,,,,
Mustafizfur Rahman,LHB,LFM,Bowler,BAN,83,5,AVAILABLE,,,,,,,,,,
James Neesham,LHB,RFM,ALL,NZL,83,5,AVAILABLE,,,,,,,,,,
Will Jacks,RHB,OS,ALL,ENG,83,5,AVAILABLE,,,,,,,,,,
Gudakesh Motie,LHB,SLO,Bowler,WIN,83,5,AVAILABLE,,,,,,,,,,
Romario Shepherd,RHB,RFM,ALL,WIN,83,5,AVAILABLE,,,,,,,,,,
Brandon King,RHB,RM,Batter,WIN,83,5,AVAILABLE,,,,,,,,,,
Rovman Powell,RHB,RFM,ALL,WIN,83,5,AVAILABLE,,,,,,,,,,
Mohammed Siraj,RHB,RF,Bowler,IND,83,5,AVAILABLE,,,,,,,,,,
Imam-Ul-Haq,LHB,LS,Batter,PAK,83,5,AVAILABLE,,,,,,,,,,
Khushdil Shah,LHB,SLO,ALL,PAK,83,5,AVAILABLE,,,,,,,,,,
Liam Livingstone,RHB,LS,ALL,ENG,83,5,AVAILABLE,,,,,,,,,,
Barry McCarthy,RHB,RFM,Bowler,IRL,83,5,AVAILABLE,,,,,,,,,,
Reece Topley,RHB,LFM,Bowler,ENG,83,5,AVAILABLE,,,,,,,,,,
Pathum Nissanka,RHB,RM,Batter,SRL,83,5,AVAILABLE,,,,,,,,,,
Shamar Joseph,LHB,RF,Bowler,WIN,83,5,AVAILABLE,,,,,,,,,,
Sam Billings,RHB,RM,WK Batter,ENG,82,5,AVAILABLE,,,,,,,,,,
Tom Banton,RHB,RM,WK Batter,ENG,82,5,AVAILABLE,,,,,,,,,,
Trent Boult,RHB,LFM,Bowler,NZL,82,5,AVAILABLE,,,,,,,,,,
Johnson Charles,RHB,RM,WK Batter,WIN,82,5,AVAILABLE,,,,,,,,,,
Jason Holder,RHB,RFM,ALL,WIN,82,5,AVAILABLE,,,,,,,,,,
Anrich Nortje,RHB,RF,Bowler,RSA,82,5,AVAILABLE,,,,,,,,,,
Charith Asalanka,LHB,OS,ALL,SRL,82,5,AVAILABLE,,,,,,,,,,
Nurul Hasan Sohan,RHB,RM,WK Batter,BAN,82,5,AVAILABLE,,,,,,,,,,
Sherfane Rutherford,LHB,RFM,ALL,WIN,82,5,AVAILABLE,,,,,,,,,,
Gerald Coetzee,RHB,RF,Bowler,RSA,82,5,AVAILABLE,,,,,,,,,,
Jaker Ali,RHB,RM,WK Batter,BAN,81,5,AVAILABLE,,,,,,,,,,
Litton Das,RHB,OS,WK Batter,BAN,81,5,AVAILABLE,,,,,,,,,,
Dawid Malan,LHB,LS,Batter,ENG,83,4,AVAILABLE,,,,,,,,,,
Sam Hain,RHB,OS,Batter,ENG,83,4,AVAILABLE,,,,,,,,,,
Matt Potts,RHB,RFM,Bowler,ENG,83,4,AVAILABLE,,,,,,,,,,
Bhuvaneshwar Kumar,RHB,RFM,Bowler,IND,83,4,AVAILABLE,,,,,,,,,,
Ajinkya Rahane,RHB,RM,Batter,IND,83,4,AVAILABLE,,,,,,,,,,
Dean Elgar,LHB,SLO,Batter,RSA,83,4,AVAILABLE,,,,,,,,,,
Rilee Rossouw,LHB,OS,Batter,RSA,83,4,AVAILABLE,,,,,,,,,,
Jacob Duffy,RHB,RFM,Bowler,NZL,83,4,AVAILABLE,,,,,,,,,,
Keshav Maharaj,RHB,SLO,Bowler,RSA,83,4,AVAILABLE,,,,,,,,,,
Asif Ali,RHB,OS,Batter,PAK,83,4,AVAILABLE,,,,,,,,,,
Will Smeed,RHB,OS,Batter,ENG,83,4,AVAILABLE,,,,,,,,,,
Abbas Afridi,RHB,RFM,Bowler,PAK,83,4,AVAILABLE,,,,,,,,,,
Abdullah Shafique,RHB,OS,Batter,PAK,83,4,AVAILABLE,,,,,,,,,,
Tristan Stubbs,RHB,OS,Batter,RSA,83,4,AVAILABLE,,,,,,,,,,
Chris Woakes,RHB,RFM,ALL,ENG,82,4,AVAILABLE,,,,,,,,,,
Wiaan Mulder,RHB,RFM,ALL,RSA,82,4,AVAILABLE,,,,,,,,,,
Jack Leach,LHB,SLO,Bowler,ENG,82,4,AVAILABLE,,,,,,,,,,
Abhishek Sharma,LHB,SLO,ALL,IND,82,4,AVAILABLE,,,,,,,,,,
Ravichandran Ashwin,RHB,OS,Bowler,IND,82,4,AVAILABLE,,,,,,,,,,
Najmul Hossain Shanto,LHB,OS,Batter,BAN,82,4,AVAILABLE,,,,,,,,,,
Gus Atkinson,RHB,RFM,Bowler,ENG,82,4,AVAILABLE,,,,,,,,,,
Wellington Masakadza,LHB,SLO,Bowler,ZIM,82,4,AVAILABLE,,,,,,,,,,
Craig Young,RHB,RFM,Bowler,IRL,82,4,AVAILABLE,,,,,,,,,,
Mujeeb Ur Rahman,RHB,OS,Bowler,AFG,82,4,AVAILABLE,,,,,,,,,,
Beau Webster,RHB,RM,ALL,AUS,82,4,AVAILABLE,,,,,,,,,,
Rachin Ravindra,LHB,SLO,ALL,NZL,82,4,AVAILABLE,,,,,,,,,,
Tom Bruce,RHB,OS,Batter,SCO,82,4,AVAILABLE,,,,,,,,,,
Shivam Dube,LHB,RM,ALL,IND,82,4,AVAILABLE,,,,,,,,,,
Varun Chakravarthy,RHB,LS,Bowler,IND,82,4,AVAILABLE,,,,,,,,,,
Axar Patel,LHB,SLO,ALL,IND,82,4,AVAILABLE,,,,,,,,,,
Yuzvendra Chahal,RHB,LS,Bowler,IND,82,4,AVAILABLE,,,,,,,,,,
Shardul Thakur,RHB,RFM,Bowler,IND,82,4,AVAILABLE,,,,,,,,,,
Iftikhar Ahmed,RHB,OS,ALL,PAK,82,4,AVAILABLE,,,,,,,,,,
Daniel Bell-Drummon,RHB,RM,Batter,ENG,82,4,AVAILABLE,,,,,,,,,,
Saqib Mahmood,RHB,RFM,Bowler,ENG,82,4,AVAILABLE,,,,,,,,,,
Brydon Carse,RHB,RFM,ALL,ENG,82,4,AVAILABLE,,,,,,,,,,
Brendan Doggett,RHB,RFM,Bowler,AUS,82,4,AVAILABLE,,,,,,,,,,
Xavier Bartlett,RHB,RFM,Bowler,AUS,82,4,AVAILABLE,,,,,,,,,,
Jayden Seales,LHB,RFM,Bowler,WIN,82,4,AVAILABLE,,,,,,,,,,
Nasum Ahmed,LHB,SLO,Bowler,BAN,82,4,AVAILABLE,,,,,,,,,,
Ravi Bishnoi,RHB,LS,Bowler,IND,82,4,AVAILABLE,,,,,,,,,,
Arshdeep Singh,LHB,LFM,Bowler,IND,82,4,AVAILABLE,,,,,,,,,,
Najibullah Zadran,LHB,OS,Batter,AFG,81,4,AVAILABLE,,,,,,,,,,
Moises Henriques,RHB,RFM,ALL,POR,81,4,AVAILABLE,,,,,,,,,,
Joe Burns,RHB,RM,Batter,ITA,81,4,AVAILABLE,,,,,,,,,,
Michael Neser,RHB,RFM,ALL,AUS,81,4,AVAILABLE,,,,,,,,,,
Ashton Turner,RHB,OS,ALL,AUS,81,4,AVAILABLE,,,,,,,,,,
Abrar Ahmed,RHB,LS,Bowler,PAK,81,4,AVAILABLE,,,,,,,,,,
Shadab Khan,RHB,LS,ALL,PAK,81,4,AVAILABLE,,,,,,,,,,
Spencer Johnson,LHB,LF,Bowler,AUS,81,4,AVAILABLE,,,,,,,,,,
Wayne Madsen,RHB,OS,Batter,ITA,81,4,AVAILABLE,,,,,,,,,,
Haris Rauf,RHB,RF,Bowler,PAK,81,4,AVAILABLE,,,,,,,,,,
Mehidy Hasan Miraz,RHB,OS,ALL,BAN,81,4,AVAILABLE,,,,,,,,,,
Ben McDermott,RHB,RM,WK Batter,AUS,81,4,AVAILABLE,,,,,,,,,,
Ben Dwarshuis,LHB,LFM,Bowler,AUS,81,4,AVAILABLE,,,,,,,,,,
Cam Fletcher,RHB,RM,WK Batter,NZL,81,4,AVAILABLE,,,,,,,,,,
Jomel Warrican,RHB,SLO,Bowler,WIN,81,4,AVAILABLE,,,,,,,,,,
Keacy Carty,RHB,RM,Batter,WIN,81,4,AVAILABLE,,,,,,,,,,
Washington Sundar,LHB,OS,ALL,IND,81,4,AVAILABLE,,,,,,,,,,
Mir Hamza,LHB,LFM,Bowler,PAK,81,4,AVAILABLE,,,,,,,,,,
Luke Wood,LHB,LFM,Bowler,ENG,81,4,AVAILABLE,,,,,,,,,,
Joe Clarke,RHB,RM,WK Batter,ENG,81,4,AVAILABLE,,,,,,,,,,
Harry Tector,RHB,OS,Batter,IRL,81,4,AVAILABLE,,,,,,,,,,
Afif Hossain,RHB,SLO,ALL,BAN,81,4,AVAILABLE,,,,,,,,,,
Towrid Hridoy,RHB,OS,Batter,BAN,81,4,AVAILABLE,,,,,,,,,,
Mohammad Haris,RHB,OS,WK Batter,PAK,81,4,AVAILABLE,,,,,,,,,,
Matheesha Pathirana,RHB,RF,Bowler,SRL,81,4,AVAILABLE,,,,,,,,,,
George Ross Adair,RHB,LM,Batter,IRL,81,4,AVAILABLE,,,,,,,,,,
Peter Handscomb,RHB,RM,WK Batter,AUS,80,4,AVAILABLE,,,,,,,,,,
Fabian Allen,RHB,SLO,ALL,WIN,80,4,AVAILABLE,,,,,,,,,,
Ben Cox,RHB,RM,WK Batter,ENG,80,4,AVAILABLE,,,,,,,,,,
Sean Williams,LHB,SLO,ALL,ZIM,80,4,AVAILABLE,,,,,,,,,,
Andries Grous,RHB,RM,WK Batter,USA,80,4,AVAILABLE,,,,,,,,,,
Jordan Cox,RHB,RM,WK Batter,ENG,80,4,AVAILABLE,,,,,,,,,,
Mohammad Amir,LHB,LFM,Bowler,PAK,80,4,AVAILABLE,,,,,,,,,,
Dushmantha Chameera,RHB,RF,Bowler,SRL,80,4,AVAILABLE,,,,,,,,,,
Mark Adair,RHB,RFM,ALL,IRL,80,4,AVAILABLE,,,,,,,,,,
Dane Cleaver,RHB,LS,WK Batter,NZL,80,4,AVAILABLE,,,,,,,,,,
Kyle Mayers,LHB,RM,ALL,WIN,80,4,AVAILABLE,,,,,,,,,,
Sadeera Samarawickrama,RHB,RM,WK Batter,SRL,80,4,AVAILABLE,,,,,,,,,,
Vishwa Fernando,RHB,LFM,Bowler,SRL,80,4,AVAILABLE,,,,,,,,,,
Sam Curran,LHB,LFM,ALL,ENG,80,4,AVAILABLE,,,,,,,,,,
Dhruv Jurel,RHB,RM,WK Batter,IND,80,4,AVAILABLE,,,,,,,,,,
Niroshan Dickwella,LHB,LM,WK Batter,SRL,79,4,AVAILABLE,,,,,,,,,,
Tom Alsop,LHB,LM,WK Batter,ENG,79,4,AVAILABLE,,,,,,,,,,
James Rew,LHB,LM,WK Batter,ENG,79,4,AVAILABLE,,,,,,,,,,
Kurtis Patterson,LHB,OS,Batter,AUS,81,3,AVAILABLE,,,,,,,,,,
Jack Leaning,RHB,OS,Batter,ENG,81,3,AVAILABLE,,,,,,,,,,
Adil Rashid,RHB,LS,Bowler,ENG,81,3,AVAILABLE,,,,,,,,,,
Matt Kuhnemann,LHB,SLO,Bowler,AUS,81,3,AVAILABLE,,,,,,,,,,
Abdul Samad,RHB,LS,Batter,IND,81,3,AVAILABLE,,,,,,,,,,
Prithvi Shaw,RHB,OS,Batter,IND,81,3,AVAILABLE,,,,,,,,,,
Riyan Parag,RHB,LS,Batter,IND,81,3,AVAILABLE,,,,,,,,,,
Leus Du Plooy,LHB,SLO,Batter,ENG,81,3,AVAILABLE,,,,,,,,,,
Rahul Tripathi,RHB,RM,Batter,IND,81,3,AVAILABLE,,,,,,,,,,
Mohammad Abbas,RHB,RFM,Bowler,PAK,81,3,AVAILABLE,,,,,,,,,,
Josh Tongue,RHB,RFM,Bowler,ENG,81,3,AVAILABLE,,,,,,,,,,
Sean Dickson,RHB,RM,Batter,RSA,81,3,AVAILABLE,,,,,,,,,,
Tilak Varma,LHB,OS,Batter,IND,81,3,AVAILABLE,,,,,,,,,,
Gurindher Sandhu,LHB,RFM,Bowler,AUS,80,3,AVAILABLE,,,,,,,,,,
Jordan Silk,RHB,RM,Batter,AUS,80,3,AVAILABLE,,,,,,,,,,
Joel Paris,LHB,LFM,Bowler,AUS,80,3,AVAILABLE,,,,,,,,,,
Saif Zaib,LHB,SLO,ALL,ENG,80,3,AVAILABLE,,,,,,,,,,
Kiran Carlson,RHB,OS,Batter,ENG,80,3,AVAILABLE,,,,,,,,,,
Sam Northeast,RHB,OS,Batter,ENG,80,3,AVAILABLE,,,,,,,,,,
Nick Gubbins,LHB,OS,Batter,ENG,80,3,AVAILABLE,,,,,,,,,,
Prasidh Krishna,RHB,RFM,Bowler,IND,80,3,AVAILABLE,,,,,,,,,,
Rory Burns,LHB,RM,Batter,ENG,80,3,AVAILABLE,,,,,,,,,,
Khaled Ahmed,RHB,RFM,Bowler,BAN,80,3,AVAILABLE,,,,,,,,,,
Moeen Ali,LHB,OS,ALL,ENG,80,3,AVAILABLE,,,,,,,,,,
Ravindra Jadeja,LHB,SLO,ALL,IND,80,3,AVAILABLE,,,,,,,,,,
Max Bryant,RHB,RM,Batter,AUS,80,3,AVAILABLE,,,,,,,,,,
Keaton Jennings,LHB,RFM,Batter,ENG,80,3,AVAILABLE,,,,,,,,,,
Craig Ervine,LHB,OS,Batter,ZIM,80,3,AVAILABLE,,,,,,,,,,
Ben Sears,RHB,RFM,Bowler,NZL,80,3,AVAILABLE,,,,,,,,,,
Devdutt Padikkal,LHB,OS,Batter,IND,80,3,AVAILABLE,,,,,,,,,,
Janneman Malan,RHB,OS,Batter,RSA,80,3,AVAILABLE,,,,,,,,,,
Manish Pandey,RHB,RM,Batter,IND,80,3,AVAILABLE,,,,,,,,,,
Andrew Balbirnie,RHB,OS,Batter,IRL,80,3,AVAILABLE,,,,,,,,,,
Ottneil Baartman,RHB,RFM,Bowler,RSA,80,3,AVAILABLE,,,,,,,,,,
Matt Renshaw,LHB,OS,Batter,AUS,80,3,AVAILABLE,,,,,,,,,,
Mark Steketee,RHB,RFM,Bowler,AUS,80,3,AVAILABLE,,,,,,,,,,
Jake Weatherald,LHB,LS,Batter,AUS,80,3,AVAILABLE,,,,,,,,,,
Josh Clarkson,RHB,RFM,ALL,NZL,80,3,AVAILABLE,,,,,,,,,,
Bjorn Fortuin,RHB,SLO,ALL,RSA,80,3,AVAILABLE,,,,,,,,,,
Kraigg Brathwaite,RHB,OS,Batter,WIN,80,3,AVAILABLE,,,,,,,,,,
Deepak Hooda,RHB,OS,ALL,IND,80,3,AVAILABLE,,,,,,,,,,
Harshal Patel,RHB,RFM,Bowler,IND,80,3,AVAILABLE,,,,,,,,,,
Venkatesh Iyer,LHB,RM,ALL,IND,80,3,AVAILABLE,,,,,,,,,,
Noman Ali,LHB,SLO,Bowler,PAK,80,3,AVAILABLE,,,,,,,,,,
Faheem Ashraf,LHB,RFM,ALL,PAK,80,3,AVAILABLE,,,,,,,,,,
Abid Ali,RHB,LS,Batter,PAK,80,3,AVAILABLE,,,,,,,,,,
Oliver Hannon-Dalby,LHB,RFM,Bowler,ENG,80,3,AVAILABLE,,,,,,,,,,
Joe Weatherley,RHB,OS,Batter,ENG,80,3,AVAILABLE,,,,,,,,,,
Ben Sanderson,RHB,RFM,Bowler,ENG,80,3,AVAILABLE,,,,,,,,,,
D'arcy Short,LHB,SLO,ALL,AUS,80,3,AVAILABLE,,,,,,,,,,
Jason Sangha,RHB,LS,ALL,AUS,80,3,AVAILABLE,,,,,,,,,,
Jake Fraser-McGurk,RHB,LS,Batter,AUS,80,3,AVAILABLE,,,,,,,,,,
Dan Mousley,LHB,OS,ALL,ENG,80,3,AVAILABLE,,,,,,,,,,
Akash Deep,RHB,RFM,Bowler,IND,80,3,AVAILABLE,,,,,,,,,,
Saim Ayub,LHB,OS,Batter,PAK,80,3,AVAILABLE,,,,,,,,,,
Avishka Fernando,RHB,RFM,Batter,SRL,80,3,AVAILABLE,,,,,,,,,,
Bhanuk Rajapaksa,LHB,RM,Batter,SRL,80,3,AVAILABLE,,,,,,,,,,
Nuwan Thushara,RHB,RFM,Bowler,SRL,80,3,AVAILABLE,,,,,,,,,,
Todd Murphy,LHB,OS,Bowler,AUS,80,3,AVAILABLE,,,,,,,,,,
Josh Brown,RHB,OS,Batter,AUS,80,3,AVAILABLE,,,,,,,,,,
Mohammad Nabi,RHB,OS,ALL,AFG,79,3,AVAILABLE,,,,,,,,,,
Daniel Hughes,LHB,RM,Batter,AFG,79,3,AVAILABLE,,,,,,,,,,
Ryan Burl,LHB,LS,ALL,ZIM,79,3,AVAILABLE,,,,,,,,,,
Marcus Harris,LHB,LM,Batter,AUS,79,3,AVAILABLE,,,,,,,,,,
Mohammad Saifuddin,LHB,RFM,ALL,BAN,79,3,AVAILABLE,,,,,,,,,,
Ben Slater,LHB,RM,Batter,ENG,79,3,AVAILABLE,,,,,,,,,,
Ben Foakes,RHB,RM,WK Batter,ENG,79,3,AVAILABLE,,,,,,,,,,
Tom Westley,RHB,OS,Batter,ENG,79,3,AVAILABLE,,,,,,,,,,
Liam Dawson,RHB,SLO,ALL,ENG,79,3,AVAILABLE,,,,,,,,,,
Richard Ngarava,LHB,LFM,Bowler,ZIM,79,3,AVAILABLE,,,,,,,,,,
Adam Rossington,RHB,RM,WK Batter,ENG,79,3,AVAILABLE,,,,,,,,,,
Tom Abell,RHB,RM,ALL,ENG,79,3,AVAILABLE,,,,,,,,,,
Jamie Overton,RHB,RF,Bowler,ENG,79,3,AVAILABLE,,,,,,,,,,
Dom Sibley,RHB,LS,Batter,ENG,79,3,AVAILABLE,,,,,,,,,,
Lorcan Tucker,RHB,RM,WK Batter,IRL,79,3,AVAILABLE,,,,,,,,,,
Alex Lees,LHB,OS,Batter,ENG,79,3,AVAILABLE,,,,,,,,,,
Adam Lyth,LHB,OS,Batter,ENG,79,3,AVAILABLE,,,,,,,,,,
Chris Jordan,RHB,RFM,Bowler,ENG,79,3,AVAILABLE,,,,,,,,,,
Aaron Hardie,RHB,RFM,ALL,AUS,79,3,AVAILABLE,,,,,,,,,,
Alick Athanaze,LHB,RM,Batter,WIN,79,3,AVAILABLE,,,,,,,,,,
Brooke Guest,RHB,RM,WK Batter,ENG,79,3,AVAILABLE,,,,,,,,,,
David Bedingham,RHB,RM,Batter,RSA,79,3,AVAILABLE,,,,,,,,,,
Ethan Bamber,RHB,RFM,Bowler,ENG,79,3,AVAILABLE,,,,,,,,,,
Henry Brookes,RHB,RFM,Bowler,ENG,79,3,AVAILABLE,,,,,,,,,,
Jack Haynes,RHB,OS,Batter,ENG,79,3,AVAILABLE,,,,,,,,,,
Andre Fletcher,RHB,RFM,WK Batter,WIN,79,3,AVAILABLE,,,,,,,,,,
Max Holden,LHB,OS,Batter,ENG,79,3,AVAILABLE,,,,,,,,,,
Nishan Peiris,LHB,OS,Bowler,SRL,79,3,AVAILABLE,,,,,,,,,,
Jhye Richardson,RHB,RF,Bowler,AUS,79,3,AVAILABLE,,,,,,,,,,
Roshen Silva,RHB,RM,Batter,SRL,79,3,AVAILABLE,,,,,,,,,,
Joe Carter,RHB,RM,Batter,NZL,79,3,AVAILABLE,,,,,,,,,,
Hussain Talat,LHB,RFM,ALL,PAK,79,3,AVAILABLE,,,,,,,,,,
Sahibzada Farhan,RHB,RM,Batter,PAK,79,3,AVAILABLE,,,,,,,,,,
Taijul Islam,LHB,SLO,Bowler,BAN,79,3,AVAILABLE,,,,,,,,,,
Ashan Priyanijan,RHB,OS,ALL,SRL,79,3,AVAILABLE,,,,,,,,,,
Prabath Jayasuriya,RHB,SLO,Bowler,SRL,79,3,AVAILABLE,,,,,,,,,,
Zak Chappell,RHB,RFM,Bowler,ENG,79,3,AVAILABLE,,,,,,,,,,
Matt Critchley,RHB,LS,ALL,ENG,79,3,AVAILABLE,,,,,,,,,,
Dean Foxcroft,RHB,OS,ALL,NZL,79,3,AVAILABLE,,,,,,,,,,
Ryan Higgins,RHB,RFM,ALL,ENG,79,3,AVAILABLE,,,,,,,,,,
Naveen-Ul-Haq Murid,RHB,RFM,Bowler,AFG,79,3,AVAILABLE,,,,,,,,,,
Azmatullah Omarzai,RHB,RFM,ALL,AFG,79,3,AVAILABLE,,,,,,,,,,
Tanveer Sangha,RHB,LS,Bowler,AUS,79,3,AVAILABLE,,,,,,,,,,
Nasir Hossain,RHB,OS,ALL,BAN,79,3,AVAILABLE,,,,,,,,,,
Sol Budinger,LHB,OS,Batter,ENG,79,3,AVAILABLE,,,,,,,,,,
Stephen Eskinazi,RHB,RM,Batter,ENG,79,3,AVAILABLE,,,,,,,,,,
Emilio Gay,LHB,RM,Batter,ENG,79,3,AVAILABLE,,,,,,,,,,
Louis Kimber,RHB,OS,Batter,ENG,79,3,AVAILABLE,,,,,,,,,,
Dan Moriarty,LHB,SLO,Bowler,ENG,79,3,AVAILABLE,,,,,,,,,,
Ali Orr,RHB,RM,Batter,ENG,79,3,AVAILABLE,,,,,,,,,,
Curtis Campher,RHB,RFM,ALL,IRL,79,3,AVAILABLE,,,,,,,,,,
Mohammad Hasnain,RHB,RF,Bowler,PAK,79,3,AVAILABLE,,,,,,,,,,
Sajid Khan,RHB,OS,Bowler,PAK,79,3,AVAILABLE,,,,,,,,,,
Mohammad Wasim,RHB,RFM,Bowler,PAK,79,3,AVAILABLE,,,,,,,,,,
Nikhil Chaudhary,RHB,LS,ALL,AUS,79,3,AVAILABLE,,,,,,,,,,
Kwena Maphaka,LHB,LF,Bowler,RSA,79,3,AVAILABLE,,,,,,,,,,
Matthew Forde,RHB,RM,Bowler,WIN,79,3,AVAILABLE,,,,,,,,,,
Yasir Khan,RHB,RM,Batter,PAK,79,3,AVAILABLE,,,,,,,,,,
Sufyan Moqim,LHB,SLO,Bowler,PAK,79,3,AVAILABLE,,,,,,,,,,
Tanzim Hasan Sakib,RHB,RFM,Bowler,BAN,79,3,AVAILABLE,,,,,,,,,,
Alex Davies,RHB,RM,WK Batter,ENG,78,3,AVAILABLE,,,,,,,,,,
Ben Brown,RHB,RM,WK Batter,ENG,78,3,AVAILABLE,,,,,,,,,,
Joe Denly,RHB,LS,ALL,ENG,78,3,AVAILABLE,,,,,,,,,,
Paul Stirling,RHB,OS,ALL,IRL,78,3,AVAILABLE,,,,,,,,,,
Sarfaraz Ahmed,RHB,OS,WK Batter,PAK,78,3,AVAILABLE,,,,,,,,,,
Imad Wasim,LHB,SLO,ALL,PAK,78,3,AVAILABLE,,,,,,,,,,
Dasun Shanaka,RHB,RM,ALL,SRL,78,3,AVAILABLE,,,,,,,,,,
Fazalhaq Farooqi,RHB,LFM,Bowler,AFG,78,3,AVAILABLE,,,,,,,,,,
Prabhsimran Singh,RHB,RM,WK Batter,IND,78,3,AVAILABLE,,,,,,,,,,
Azam Khan,RHB,RM,WK Batter,PAK,78,3,AVAILABLE,,,,,,,,,,
Wanindu Hasaranga,RHB,LS,ALL,SRL,78,3,AVAILABLE,,,,,,,,,,
Corey Anderson,LHB,LM,ALL,USA,77,3,AVAILABLE,,,,,,,,,,
Cameron Bancroft,RHB,RM,Batter,AUS,79,2,AVAILABLE,,,,,,,,,,
Mayank Agarwal,RHB,OS,Batter,IND,79,2,AVAILABLE,,,,,,,,,,
Sharukh Khan,RHB,OS,Batter,IND,79,2,AVAILABLE,,,,,,,,,,
Wes Agar,RHB,RFM,Bowler,AUS,79,2,AVAILABLE,,,,,,,,,,
Ashton Agar,LHB,SLO,ALL,AUS,78,2,AVAILABLE,,,,,,,,,,
Chris Lynn,RHB,SLO,Batter,AUS,78,2,AVAILABLE,,,,,,,,,,
Kane Richardson,RHB,RFM,Bowler,USA,78,2,AVAILABLE,,,,,,,,,,
Lukman Meriwala,LHB,LFM,Bowler,IND,78,2,AVAILABLE,,,,,,,,,,
Avesh Khan,RHB,RFM,Bowler,IND,78,2,AVAILABLE,,,,,,,,,,
Josh Bohannon,RHB,RM,Batter,ENG,78,2,AVAILABLE,,,,,,,,,,
Rob Keogh,RHB,OS,ALL,ENG,78,2,AVAILABLE,,,,,,,,,,
Ryan Patel,LHB,RM,Batter,ENG,78,2,AVAILABLE,,,,,,,,,,
Laurie Evans,RHB,OS,Batter,ENG,78,2,AVAILABLE,,,,,,,,,,
Kyle Abbott,RHB,RFM,Bowler,RSA,78,2,AVAILABLE,,,,,,,,,,
Darren Bravo,LHB,RM,Batter,WIN,78,2,AVAILABLE,,,,,,,,,,
Ashen Bandara,RHB,RM,Batter,SRL,78,2,AVAILABLE,,,,,,,,,,
Dillon Pennington,RHB,RFM,Bowler,ENG,78,2,AVAILABLE,,,,,,,,,,
Harpreet Brar,LHB,SLO,Bowler,IND,78,2,AVAILABLE,,,,,,,,,,
Lance Morris,RHB,RF,Bowler,AUS,78,2,AVAILABLE,,,,,,,,,,
Tabraiz Shamzi,RHB,SLO,Bowler,RSA,78,2,AVAILABLE,,,,,,,,,,
Deepak Chahar,RHB,RFM,Bowler,IND,78,2,AVAILABLE,,,,,,,,,,
Riley Meredith,RHB,RF,Bowler,AUS,78,2,AVAILABLE,,,,,,,,,,
Will O'Rourke,RHB,RFM,Bowler,NZL,78,2,AVAILABLE,,,,,,,,,,
Peter Siddle,RHB,RFM,Bowler,AUS,77,2,AVAILABLE,,,,,,,,,,
George Dockrell,RHB,SLO,ALL,IRL,77,2,AVAILABLE,,,,,,,,,,
Andrew Tye,RHB,RFM,Bowler,AUS,77,2,AVAILABLE,,,,,,,,,,
Keegan Peetersen,RHB,OS,WK Batter,RSA,77,2,AVAILABLE,,,,,,,,,,
Rahkeem Cornwall,RHB,OS,ALL,WIN,77,2,AVAILABLE,,,,,,,,,,
Nitish Rana,LHB,OS,ALL,IND,77,2,AVAILABLE,,,,,,,,,,
Shashank Singh,RHB,OS,ALL,IND,77,2,AVAILABLE,,,,,,,,,,
Jaydev Unadkat,RHB,LFM,Bowler,IND,77,2,AVAILABLE,,,,,,,,,,
Vijay Shankar,RHB,RM,ALL,IND,77,2,AVAILABLE,,,,,,,,,,
Dewald Brevis,LHB,LS,Batter,RSA,77,2,AVAILABLE,,,,,,,,,,
Nandre Burger,LHB,LFM,Bowler,RSA,77,2,AVAILABLE,,,,,,,,,,
Maheesh Theekshana,RHB,OS,Bowler,SRL,77,2,AVAILABLE,,,,,,,,,,
Jitesh Sharma,RHB,RM,WK Batter,IND,77,2,AVAILABLE,,,,,,,,,,
Cooper Connolly,LHB,SLO,ALL,AUS,77,2,AVAILABLE,,,,,,,,,,
Dunith Wellalage,LHB,SLO,Bowler,SRL,77,2,AVAILABLE,,,,,,,,,,
Gulbadin Naib,RHB,RFM,ALL,AFG,76,2,AVAILABLE,,,,,,,,,,
Nic Maddison,LHB,SLO,Batter,AUS,76,2,AVAILABLE,,,,,,,,,,
Lahiru Kumara,LHB,RF,Bowler,SRL,76,2,AVAILABLE,,,,,,,,,,
Soumya Sarkar,LHB,RFM,ALL,BAN,76,2,AVAILABLE,,,,,,,,,,
Chdwick Walton,RHB,RM,WK Batter,WIN,76,2,AVAILABLE,,,,,,,,,,
Yash Dayal,RHB,LFM,Bowler,IND,76,2,AVAILABLE,,,,,,,,,,
Rajat Patidar,RHB,OS,Batter,IND,76,2,AVAILABLE,,,,,,,,,,
Khaleel Ahmed,RHB,LFM,Bowler,IND,76,2,AVAILABLE,,,,,,,,,,
Jacob Bethell,LHB,SLO,ALL,ENG,76,2,AVAILABLE,,,,,,,,,,
Donovan Ferreira,RHB,OS,ALL,RSA,76,2,AVAILABLE,,,,,,,,,,
Harshit Rana,RHB,RF,Bowler,IND,76,2,AVAILABLE,,,,,,,,,,
Ashutosh Sharma,RHB,RM,Batter,IND,76,2,AVAILABLE,,,,,,,,,,
David Willey,LHB,LFM,ALL,ENG,75,2,AVAILABLE,,,,,,,,,,
Sunil Narine,LHB,OS,ALL,WIN,75,2,AVAILABLE,,,,,,,,,,
Corbin Bosch,RHB,RFM,ALL,RSA,75,2,AVAILABLE,,,,,,,,,,
Marchant De Lange,RHB,RF,Bowler,RSA,75,2,AVAILABLE,,,,,,,,,,
Nkrumah Bonner,RHB,LS,ALL,WIN,75,2,AVAILABLE,,,,,,,,,,
Mahmudullah,RHB,OS,ALL,BAN,75,2,AVAILABLE,,,,,,,,,,
Kamran Ghulam,RHB,SLO,ALL,PAK,75,2,AVAILABLE,,,,,,,,,,
Dilshan Madushanka,RHB,LFM,Bowler,SRL,75,2,AVAILABLE,,,,,,,,,,
Sameer Rizvi,RHB,OS,Batter,IND,75,2,AVAILABLE,,,,,,,,,,
Rahul Chahar,RHB,LS,Bowler,IND,75,1,AVAILABLE,,,,,,,,,,
Ishant Sharma,RHB,RFM,Bowler,IND,75,1,AVAILABLE,,,,,,,,,,
Nitish Kumar Reddy,RHB,RFM,ALL,IND,75,1,AVAILABLE,,,,,,,,,,
Ansh Patel,RHB,SLO,Bowler,CAN,75,1,AVAILABLE,,,,,,,,,,
Sai Sudharsan,LHB,LS,Batter,IND,75,1,AVAILABLE,,,,,,,,,,
Nehal Wadhera,LHB,LS,Batter,IND,75,1,AVAILABLE,,,,,,,,,,
Sam Konstas,RHB,OS,Batter,AUS,75,1,AVAILABLE,,,,,,,,,,
Angkrish Raghuvanshi,RHB,SLO,Batter,IND,75,1,AVAILABLE,,,,,,,,,,
Eshan Malinga,LHB,RFM,Bowler,SRL,75,1,AVAILABLE,,,,,,,,,,
Tymal Mills,RHB,LF,Bowler,ENG,74,1,AVAILABLE,,,,,,,,,,
Odean Smith,RHB,RFM,ALL,WIN,74,1,AVAILABLE,,,,,,,,,,
R. Sai Kishore,LHB,SLO,Bowler,IND,74,1,AVAILABLE,,,,,,,,,,
Imran Tahir,RHB,LS,Bowler,RSA,74,1,AVAILABLE,,,,,,,,,,
Shannon Gabriel,RHB,RF,Bowler,WIN,74,1,AVAILABLE,,,,,,,,,,
David Wiese,RHB,RFM,ALL,NAM,74,1,AVAILABLE,,,,,,,,,,
T Natarajan,LHB,LFM,Bowler,IND,74,1,AVAILABLE,,,,,,,,,,
Dwaine Pretorius,RHB,RFM,ALL,RSA,74,1,AVAILABLE,,,,,,,,,,
Tom Curran,RHB,RFM,ALL,ENG,74,1,AVAILABLE,,,,,,,,,,
Ben Maneti,RHB,OS,ALL,ITA,74,1,AVAILABLE,,,,,,,,,,
Vijaykanth Viyaskanth,RHB,LS,Bowler,SRL,74,1,AVAILABLE,,,,,,,,,,
Umesh Yadav,RHB,RFM,Bowler,IND,74,1,AVAILABLE,,,,,,,,,,
Lizaad Williams,LHB,RFM,Bowler,RSA,73,1,AVAILABLE,,,,,,,,,,
Sisanda Magala,RHB,RF,Bowler,RSA,73,1,AVAILABLE,,,,,,,,,,
Urvil Patel,RHB,OS,WK Batter,IND,73,1,AVAILABLE,,,,,,,,,,
Billy Stanlake,LHB,RF,Bowler,AUS,72,1,AVAILABLE,,,,,,,,,,
Karim Janat,RHB,RFM,ALL,AFG,72,1,AVAILABLE,,,,,,,,,,
Ben Curran,LHB,OS,Batter,ZIM,71,1,AVAILABLE,,,,,,,,,,
Logan Van Beek,RHB,RFM,Bowler,NED,71,1,AVAILABLE,,,,,,,,,,
Unmukt Chand,RHB,OS,Batter,USA,71,1,AVAILABLE,,,,,,,,,,
Vaibhav Sooryavanshi,LHB,LM,Batter,IND,70,1,AVAILABLE,,,,,,,,,,
